[
    {
        "name": "Workshop Program Studi Teknik Informatika",
        "by": "Universitas Pamulang",
        "image": "./certification/workshop.png",
        "category":"programming",
        "links": {
            "credentials": "https://event.unpam.ac.id/event"
        }
    }, {
        "name": "The Implementation of Artificial Intelligence in System Engineering and Technology in Industrial Revolution 5.0",
        "by": "Universitas Pamulang",
        "image": "./certification/artificial.png",
        "category":"programming",
        "links": {
            "credentials": "https://event.unpam.ac.id/event"
        }
    }
]